Wall time,Step,Value
1741005302.644527,0,0.657295286655426
1741005307.536081,1,0.6775060892105103
1741005312.423374,2,1.0738948583602905
1741005317.301858,3,0.43228888511657715
1741005322.196202,4,0.24464841187000275
1741005327.082829,5,0.18727868795394897
1741005331.969806,6,0.11494258046150208
1741005336.8507,7,0.21095773577690125
1741005341.79013,8,0.08972404152154922
1741005346.720025,9,0.17763769626617432
