Wall time,Step,Value
1740681078.026557,0,0.014999999664723873
1740681097.90056,1,0.054999999701976776
1740681117.727728,2,0.05000000074505806
1740681137.922627,3,0.15000000596046448
1740681157.755612,4,0.20000000298023224
