Wall time,Step,Value
1740948076.11089,0,0.75
1740948081.417766,1,0.75
1740948086.647049,2,0.8050000071525574
1740948091.910431,3,0.824999988079071
1740948097.171733,4,0.8799999952316284
1740948102.351264,5,0.9049999713897705
1740948106.018823,6,0.9300000071525574
1740948111.198994,7,0.9549999833106995
1740948116.382794,8,0.9750000238418579
1740948121.581529,9,0.9549999833106995
