Wall time,Step,Value
1740757964.305254,0,0.0
1740757984.116909,1,0.009999999776482582
1740758003.903989,2,0.07500000298023224
1740758023.629632,3,0.07999999821186066
1740758043.599398,4,0.2800000011920929
