Wall time,Step,Value
1740920865.788975,0,0.7850000262260437
1740920867.067484,1,0.8450000286102295
1740920868.340339,2,0.8700000047683716
1740920869.622693,3,0.8550000190734863
1740920870.901704,4,0.9200000166893005
1740920872.27528,5,0.8799999952316284
1740920873.695134,6,0.8849999904632568
1740920875.11236,7,0.9150000214576721
1740920876.629449,8,0.8700000047683716
1740920877.916932,9,0.8849999904632568
