Wall time,Step,Value
1741005302.643906,0,0.7350000143051147
1741005307.535563,1,0.7350000143051147
1741005312.422602,2,0.7350000143051147
1741005317.301291,3,0.824999988079071
1741005322.195542,4,0.8899999856948853
1741005327.082166,5,0.9300000071525574
1741005331.969171,6,0.9549999833106995
1741005336.850119,7,0.9300000071525574
1741005341.789561,8,0.9649999737739563
1741005346.719477,9,0.9599999785423279
